{
  "fields": [
    "certificate_status",
    "commodity_type",
    "destination_country"
  ],

  "expanded_search_result_fields": {
    "certificate_status": [
      {"label": "Active", "value": "active"},
      {"label": "On hold", "value": "on-hold"}
    ],
    "commodity_type": [
      {"label": "Equine", "value": "equine"},
      {"label": "Fishery products", "value": "fishery-products"},
      {"label": "Germplasm", "value": "germplasm"},
      {"label": "Live animals", "value": "live-animals"},
      {"label": "Livestock", "value": "livestock"},
      {"label": "Meat and dairy", "value": "meat-and-dairy"},
      {"label": "Miscellaneous", "value": "miscellaneous"},
      {"label": "Pets", "value": "pets"},
      {"label": "Poultry", "value": "poultry"}
    ],
    "destination_country": [
      {"label": "Afghanistan", "value": "afghanistan"},
      {"label": "Åland Islands", "value": "aland-islands"},
      {"label": "Albania", "value": "albania"},
      {"label": "Algeria", "value": "algeria"},
      {"label": "American Samoa", "value": "american-samoa"},
      {"label": "Andorra", "value": "andorra"},
      {"label": "Angola", "value": "angola"},
      {"label": "Anguilla", "value": "anguilla"},
      {"label": "Antarctica", "value": "antarctica"},
      {"label": "Antigua and Barbuda", "value": "antigua-and-barbuda"},
      {"label": "Argentina", "value": "argentina"},
      {"label": "Armenia", "value": "armenia"},
      {"label": "Aruba", "value": "aruba"},
      {"label": "Australia", "value": "australia"},
      {"label": "Austria", "value": "austria"},
      {"label": "Azerbaijan", "value": "azerbaijan"},
      {"label": "Bahamas", "value": "bahamas"},
      {"label": "Bahrain", "value": "bahrain"},
      {"label": "Bangladesh", "value": "bangladesh"},
      {"label": "Barbados", "value": "barbados"},
      {"label": "Belarus", "value": "belarus"},
      {"label": "Belgium", "value": "belgium"},
      {"label": "Belize", "value": "belize"},
      {"label": "Benin", "value": "benin"},
      {"label": "Bermuda", "value": "bermuda"},
      {"label": "Bhutan", "value": "bhutan"},
      {"label": "Bolivia (Plurinational State of)", "value": "bolivia-plurinational-state-of"},
      {"label": "Bonaire, Sint Eustatius and Saba", "value": "bonaire-sint-eustatius-and-saba"},
      {"label": "Bosnia and Herzegovina", "value": "bosnia-and-herzegovina"},
      {"label": "Botswana", "value": "botswana"},
      {"label": "Bouvet Island", "value": "bouvet-island"},
      {"label": "Brazil", "value": "brazil"},
      {"label": "British Indian Ocean Territory", "value": "british-indian-ocean-territory"},
      {"label": "Brunei Darussalam", "value": "brunei-darussalam"},
      {"label": "Bulgaria", "value": "bulgaria"},
      {"label": "Burkina Faso", "value": "burkina-faso"},
      {"label": "Burundi", "value": "burundi"},
      {"label": "Cabo Verde", "value": "cabo-verde"},
      {"label": "Cambodia", "value": "cambodia"},
      {"label": "Cameroon", "value": "cameroon"},
      {"label": "Canada", "value": "canada"},
      {"label": "Cayman Islands", "value": "cayman-islands"},
      {"label": "Central African Republic", "value": "central-african-republic"},
      {"label": "Chad", "value": "chad"},
      {"label": "Chile", "value": "chile"},
      {"label": "China", "value": "china"},
      {"label": "Christmas Island", "value": "christmas-island"},
      {"label": "Cocos (Keeling) Islands", "value": "cocos-keeling-islands"},
      {"label": "Colombia", "value": "colombia"},
      {"label": "Comoros", "value": "comoros"},
      {"label": "Congo", "value": "congo"},
      {"label": "Congo (Democratic Republic of the)", "value": "congo-democratic-republic-of-the"},
      {"label": "Cook Islands", "value": "cook-islands"},
      {"label": "Costa Rica", "value": "costa-rica"},
      {"label": "Côte d'Ivoire", "value": "cote-d-ivoire"},
      {"label": "Croatia", "value": "croatia"},
      {"label": "Cuba", "value": "cuba"},
      {"label": "Curaçao", "value": "curacao"},
      {"label": "Cyprus", "value": "cyprus"},
      {"label": "Czechia", "value": "czechia"},
      {"label": "Denmark", "value": "denmark"},
      {"label": "Djibouti", "value": "djibouti"},
      {"label": "Dominica", "value": "dominica"},
      {"label": "Dominican Republic", "value": "dominican-republic"},
      {"label": "Ecuador", "value": "ecuador"},
      {"label": "Egypt", "value": "egypt"},
      {"label": "El Salvador", "value": "el-salvador"},
      {"label": "Equatorial Guinea", "value": "equatorial-guinea"},
      {"label": "Eritrea", "value": "eritrea"},
      {"label": "Estonia", "value": "estonia"},
      {"label": "Ethiopia", "value": "ethiopia"},
      {"label": "European Union", "value": "european-union"},
      {"label": "Falkland Islands (Malvinas)", "value": "falkland-islands-malvinas"},
      {"label": "Faroe Islands", "value": "faroe-islands"},
      {"label": "Fiji", "value": "fiji"},
      {"label": "Finland", "value": "finland"},
      {"label": "France", "value": "france"},
      {"label": "French Guiana", "value": "french-guiana"},
      {"label": "French Polynesia", "value": "french-polynesia"},
      {"label": "French Southern Territories", "value": "french-southern-territories"},
      {"label": "Gabon", "value": "gabon"},
      {"label": "Gambia", "value": "gambia"},
      {"label": "Georgia", "value": "georgia"},
      {"label": "Germany", "value": "germany"},
      {"label": "Ghana", "value": "ghana"},
      {"label": "Gibraltar", "value": "gibraltar"},
      {"label": "Greece", "value": "greece"},
      {"label": "Greenland", "value": "greenland"},
      {"label": "Grenada", "value": "grenada"},
      {"label": "Guadeloupe", "value": "guadeloupe"},
      {"label": "Guam", "value": "guam"},
      {"label": "Guatemala", "value": "guatemala"},
      {"label": "Guernsey", "value": "guernsey"},
      {"label": "Guinea", "value": "guinea"},
      {"label": "Guinea-Bissau", "value": "guinea-bissau"},
      {"label": "Guyana", "value": "guyana"},
      {"label": "Haiti", "value": "haiti"},
      {"label": "Heard Island and McDonald Islands", "value": "heard-island-and-mcdonald-islands"},
      {"label": "Holy See", "value": "holy-see"},
      {"label": "Honduras", "value": "honduras"},
      {"label": "Hong Kong", "value": "hong-kong"},
      {"label": "Hungary", "value": "hungary"},
      {"label": "Iceland", "value": "iceland"},
      {"label": "India", "value": "india"},
      {"label": "Indonesia", "value": "indonesia"},
      {"label": "Iran (Islamic Republic of)", "value": "iran-islamic-republic-of"},
      {"label": "Iraq", "value": "iraq"},
      {"label": "Ireland", "value": "ireland"},
      {"label": "Isle of Man", "value": "isle-of-man"},
      {"label": "Israel", "value": "israel"},
      {"label": "Italy", "value": "italy"},
      {"label": "Jamaica", "value": "jamaica"},
      {"label": "Japan", "value": "japan"},
      {"label": "Jersey", "value": "jersey"},
      {"label": "Jordan", "value": "jordan"},
      {"label": "Kazakhstan", "value": "kazakhstan"},
      {"label": "Kenya", "value": "kenya"},
      {"label": "Kiribati", "value": "kiribati"},
      {"label": "Korea (Democratic People's Republic of)", "value": "korea-democratic-people-s-republic-of"},
      {"label": "Korea (Republic of)", "value": "korea-republic-of"},
      {"label": "Kuwait", "value": "kuwait"},
      {"label": "Kyrgyzstan", "value": "kyrgyzstan"},
      {"label": "Lao People's Democratic Republic", "value": "lao-people-s-democratic-republic"},
      {"label": "Latvia", "value": "latvia"},
      {"label": "Lebanon", "value": "lebanon"},
      {"label": "Lesotho", "value": "lesotho"},
      {"label": "Liberia", "value": "liberia"},
      {"label": "Libya", "value": "libya"},
      {"label": "Liechtenstein", "value": "liechtenstein"},
      {"label": "Lithuania", "value": "lithuania"},
      {"label": "Luxembourg", "value": "luxembourg"},
      {"label": "Macao", "value": "macao"},
      {"label": "Macedonia (the former Yugoslav Republic of)", "value": "macedonia-the-former-yugoslav-republic-of"},
      {"label": "Madagascar", "value": "madagascar"},
      {"label": "Malawi", "value": "malawi"},
      {"label": "Malaysia", "value": "malaysia"},
      {"label": "Maldives", "value": "maldives"},
      {"label": "Mali", "value": "mali"},
      {"label": "Malta", "value": "malta"},
      {"label": "Marshall Islands", "value": "marshall-islands"},
      {"label": "Martinique", "value": "martinique"},
      {"label": "Mauritania", "value": "mauritania"},
      {"label": "Mauritius", "value": "mauritius"},
      {"label": "Mayotte", "value": "mayotte"},
      {"label": "Mexico", "value": "mexico"},
      {"label": "Micronesia (Federated States of)", "value": "micronesia-federated-states-of"},
      {"label": "Moldova (Republic of)", "value": "moldova-republic-of"},
      {"label": "Monaco", "value": "monaco"},
      {"label": "Mongolia", "value": "mongolia"},
      {"label": "Montenegro", "value": "montenegro"},
      {"label": "Montserrat", "value": "montserrat"},
      {"label": "Morocco", "value": "morocco"},
      {"label": "Mozambique", "value": "mozambique"},
      {"label": "Myanmar", "value": "myanmar"},
      {"label": "Namibia", "value": "namibia"},
      {"label": "Nauru", "value": "nauru"},
      {"label": "Nepal", "value": "nepal"},
      {"label": "Netherlands", "value": "netherlands"},
      {"label": "New Caledonia", "value": "new-caledonia"},
      {"label": "New Zealand", "value": "new-zealand"},
      {"label": "Nicaragua", "value": "nicaragua"},
      {"label": "Niger", "value": "niger"},
      {"label": "Nigeria", "value": "nigeria"},
      {"label": "Niue", "value": "niue"},
      {"label": "Norfolk Island", "value": "norfolk-island"},
      {"label": "Northern Mariana Islands", "value": "northern-mariana-islands"},
      {"label": "Norway", "value": "norway"},
      {"label": "Oman", "value": "oman"},
      {"label": "Pakistan", "value": "pakistan"},
      {"label": "Palau", "value": "palau"},
      {"label": "Palestine, State of", "value": "palestine-state-of"},
      {"label": "Panama", "value": "panama"},
      {"label": "Papua New Guinea", "value": "papua-new-guinea"},
      {"label": "Paraguay", "value": "paraguay"},
      {"label": "Peru", "value": "peru"},
      {"label": "Philippines", "value": "philippines"},
      {"label": "Pitcairn", "value": "pitcairn"},
      {"label": "Poland", "value": "poland"},
      {"label": "Portugal", "value": "portugal"},
      {"label": "Puerto Rico", "value": "puerto-rico"},
      {"label": "Qatar", "value": "qatar"},
      {"label": "Réunion", "value": "reunion"},
      {"label": "Romania", "value": "romania"},
      {"label": "Russian Federation", "value": "russian-federation"},
      {"label": "Rwanda", "value": "rwanda"},
      {"label": "Saint Barthélemy", "value": "saint-barthelemy"},
      {"label": "Saint Helena, Ascension and Tristan da Cunha", "value": "saint-helena-ascension-and-tristan-da-cunha"},
      {"label": "Saint Kitts and Nevis", "value": "saint-kitts-and-nevis"},
      {"label": "Saint Lucia", "value": "saint-lucia"},
      {"label": "Saint Martin (French part)", "value": "saint-martin-french-part"},
      {"label": "Saint Pierre and Miquelon", "value": "saint-pierre-and-miquelon"},
      {"label": "Saint Vincent and the Grenadines", "value": "saint-vincent-and-the-grenadines"},
      {"label": "Samoa", "value": "samoa"},
      {"label": "San Marino", "value": "san-marino"},
      {"label": "Sao Tome and Principe", "value": "sao-tome-and-principe"},
      {"label": "Saudi Arabia", "value": "saudi-arabia"},
      {"label": "Senegal", "value": "senegal"},
      {"label": "Serbia", "value": "serbia"},
      {"label": "Seychelles", "value": "seychelles"},
      {"label": "Sierra Leone", "value": "sierra-leone"},
      {"label": "Singapore", "value": "singapore"},
      {"label": "Sint Maarten (Dutch part)", "value": "sint-maarten-dutch-part"},
      {"label": "Slovakia", "value": "slovakia"},
      {"label": "Slovenia", "value": "slovenia"},
      {"label": "Solomon Islands", "value": "solomon-islands"},
      {"label": "Somalia", "value": "somalia"},
      {"label": "South Africa", "value": "south-africa"},
      {"label": "South Georgia and the South Sandwich Islands", "value": "south-georgia-and-the-south-sandwich-islands"},
      {"label": "South Sudan", "value": "south-sudan"},
      {"label": "Spain", "value": "spain"},
      {"label": "Sri Lanka", "value": "sri-lanka"},
      {"label": "Sudan", "value": "sudan"},
      {"label": "Suriname", "value": "suriname"},
      {"label": "Svalbard and Jan Mayen", "value": "svalbard-and-jan-mayen"},
      {"label": "Swaziland", "value": "swaziland"},
      {"label": "Sweden", "value": "sweden"},
      {"label": "Switzerland", "value": "switzerland"},
      {"label": "Syrian Arab Republic", "value": "syrian-arab-republic"},
      {"label": "Taiwan, Province of China[a]", "value": "taiwan-province-of-china-a"},
      {"label": "Tajikistan", "value": "tajikistan"},
      {"label": "Tanzania, United Republic of", "value": "tanzania-united-republic-of"},
      {"label": "Thailand", "value": "thailand"},
      {"label": "Timor-Leste", "value": "timor-leste"},
      {"label": "Togo", "value": "togo"},
      {"label": "Tokelau", "value": "tokelau"},
      {"label": "Tonga", "value": "tonga"},
      {"label": "Trinidad and Tobago", "value": "trinidad-and-tobago"},
      {"label": "Tunisia", "value": "tunisia"},
      {"label": "Turkey", "value": "turkey"},
      {"label": "Turkmenistan", "value": "turkmenistan"},
      {"label": "Turks and Caicos Islands", "value": "turks-and-caicos-islands"},
      {"label": "Tuvalu", "value": "tuvalu"},
      {"label": "Uganda", "value": "uganda"},
      {"label": "Ukraine", "value": "ukraine"},
      {"label": "United Arab Emirates", "value": "united-arab-emirates"},
      {"label": "United Kingdom of Great Britain and Northern Ireland", "value": "united-kingdom-of-great-britain-and-northern-ireland"},
      {"label": "United States of America", "value": "united-states-of-america"},
      {"label": "United States Minor Outlying Islands", "value": "united-states-minor-outlying-islands"},
      {"label": "Uruguay", "value": "uruguay"},
      {"label": "Uzbekistan", "value": "uzbekistan"},
      {"label": "Vanuatu", "value": "vanuatu"},
      {"label": "Venezuela (Bolivarian Republic of)", "value": "venezuela-bolivarian-republic-of"},
      {"label": "Vietnam", "value": "vietnam"},
      {"label": "Virgin Islands (British)", "value": "virgin-islands-british"},
      {"label": "Virgin Islands (U.S.)", "value": "virgin-islands-u-s"},
      {"label": "Wallis and Futuna", "value": "wallis-and-futuna"},
      {"label": "Western Sahara", "value": "western-sahara"},
      {"label": "Yemen", "value": "yemen"},
      {"label": "Zambia", "value": "zambia"},
      {"label": "Zimbabwe", "value": "zimbabwe"}
    ]
  }
}
